{"classification_report": {"0": {"precision": 0.9999104183463227, "recall": 0.9993732652878503, "f1-score": 0.99964176965789, "support": 11169.0}, "1": {"precision": 0.9997071864803815, "recall": 0.9999581589958159, "f1-score": 0.9998326569886625, "support": 23900.0}, "accuracy": 0.9997718782970715, "macro avg": {"precision": 0.999808802413352, "recall": 0.9996657121418331, "f1-score": 0.9997372133232763, "support": 35069.0}, "weighted avg": {"precision": 0.9997719130682711, "recall": 0.9997718782970715, "f1-score": 0.9997718619674929, "support": 35069.0}}, "confusion_matrix": [[11162, 7], [1, 23899]], "accuracy": 0.9997718782970715}